Date,Code,Name,EntryPrice,LatestPrice,ReturnPct,HoldDays,Note
2026-07-01,6156,松上,31.65,21.2,-33.02,28,漲停
2026-07-01,6173,信昌電,341.5,163.0,-52.27,28,漲停
2026-07-01,6174,安碁,54.4,41.1,-24.45,28,漲停
2026-07-01,6182,合晶,135.0,104.5,-22.59,28,漲停
2026-07-01,6207,雷科,161.0,100.0,-37.89,28,漲停
2026-07-01,6223,旺矽,6695.0,5165.0,-22.85,28,漲停
2026-07-01,3664,安瑞-KY,7.7,5.49,-28.7,28,漲停
2026-07-01,3672,康聯訊,12.85,12.75,-0.78,28,漲停
2026-07-01,3680,家登,558.0,410.5,-26.43,28,漲停
2026-07-01,4183,福永生技,14.6,14.0,-4.11,28,漲停
2026-07-01,3349,寶德,20.0,22.35,11.75,28,漲停
2026-07-01,3490,單井,33.9,26.65,-21.39,28,漲停
2026-07-01,3520,華盈,17.25,16.6,-3.77,28,漲停
2026-07-01,3521,台鋼建設,13.3,12.55,-5.64,28,漲停
2026-07-01,3577,泓格,130.0,128.0,-1.54,28,漲停
2026-07-01,3221,台嘉碩,64.4,45.95,-28.65,28,漲停
2026-07-01,6488,環球晶,1105.0,959.0,-13.21,28,漲停
2026-07-01,6603,富強鑫,25.15,25.6,1.79,28,漲停
2026-07-01,6617,共信-KY,76.6,81.5,6.4,28,漲停
2026-07-01,6640,均華,1125.0,871.0,-22.58,28,漲停
2026-07-01,6684,安格,64.5,47.7,-26.05,28,漲停
2026-07-01,5328,華容,78.2,61.3,-21.61,28,漲停
2026-07-01,4542,科嶠,494.0,280.5,-43.22,28,漲停
2026-07-01,5426,振發,34.4,23.85,-30.67,28,漲停
2026-07-01,5460,同協,17.25,15.6,-9.57,28,漲停
2026-07-01,5483,中美晶,198.0,185.0,-6.57,28,漲停
2026-07-01,8043,蜜望實,213.0,132.5,-37.79,28,漲停
2026-07-01,8182,加高,54.0,37.15,-31.2,28,漲停
2026-07-01,1303,南亞,183.0,157.0,-14.21,28,漲停
2026-07-01,1447,力鵬,8.27,7.03,-14.99,28,漲停
2026-07-01,6870,騰雲,289.5,243.0,-16.06,28,漲停
2026-07-01,6877,鏵友益,134.0,118.5,-11.57,28,漲停
2026-07-01,7402,邑錡,126.5,101.5,-19.76,28,漲停
2026-07-01,1466,聚隆,16.25,16.1,-0.92,28,漲停
2026-07-01,1467,南緯,8.03,10.25,27.65,28,漲停
2026-07-01,1515,力山,35.45,29.95,-15.51,28,漲停
2026-07-01,1617,榮星,22.85,17.25,-24.51,28,漲停
2026-07-01,2233,宇隆,233.0,192.0,-17.6,28,漲停
2026-07-01,2236,百達-KY,161.0,131.5,-18.32,28,漲停
2026-07-01,2250,IKKA-KY,68.6,59.1,-13.85,28,漲停
2026-07-01,2375,凱美,232.5,118.5,-49.03,28,漲停
2026-07-01,2434,統懋,47.75,65.8,37.8,28,漲停
2026-07-01,2464,盟立,190.0,131.0,-31.05,28,漲停
2026-07-01,2466,冠西電,71.3,94.6,32.68,28,漲停
2026-07-01,2484,希華,79.8,65.8,-17.54,28,漲停
2026-07-01,1710,東聯,18.4,13.8,-25.0,28,漲停
2026-07-01,1721,三晃,25.6,19.55,-23.63,28,漲停
2026-07-01,2645,長榮航太,204.0,185.5,-9.07,28,漲停
2026-07-01,6224,聚鼎,84.9,52.8,-37.81,28,漲停
2026-07-01,6226,光鼎,24.25,20.5,-15.46,28,漲停
2026-07-01,6515,穎崴,8890.0,5935.0,-33.24,28,漲停
2026-07-01,3027,盛達,22.35,18.55,-17.0,28,漲停
2026-07-01,3042,晶技,206.0,149.5,-27.43,28,漲停
2026-07-01,3055,蔚華科,127.5,114.5,-10.2,28,漲停
2026-07-01,8033,雷虎,186.0,174.0,-6.45,28,漲停
2026-07-01,8261,富鼎,297.5,195.0,-34.45,28,漲停
2026-07-01,4916,事欣科,112.5,97.1,-13.69,28,漲停
2026-07-01,3532,台勝科,400.0,342.0,-14.5,28,漲停
2026-07-01,3563,牧德,778.0,635.0,-18.38,28,漲停
2026-07-01,3605,宏致,85.6,84.8,-0.93,28,漲停
2026-07-01,6658,聯策,257.0,144.5,-43.77,28,漲停
2026-07-01,6719,力智,297.0,208.5,-29.8,28,漲停
2026-07-01,6909,創控,60.6,39.65,-34.57,28,漲停
2026-07-02,6548,長科*,90.6,62.0,-31.57,27,漲停
2026-07-02,6617,共信-KY,84.2,81.5,-3.21,27,漲停
2026-07-02,6693,廣閎科,255.0,155.5,-39.02,27,漲停
2026-07-02,6720,久昌,152.0,138.0,-9.21,27,漲停
2026-07-02,6739,竹陞科技,1200.0,941.0,-21.58,27,漲停
2026-07-02,3628,盈正,80.0,64.3,-19.63,27,漲停
2026-07-02,3289,宜特,190.5,143.5,-24.67,27,漲停
2026-07-02,3317,尼克森,97.3,66.9,-31.24,27,漲停
2026-07-02,6138,茂達,418.5,287.5,-31.3,27,漲停
2026-07-02,6148,驊宏資,33.55,27.4,-18.33,27,漲停
2026-07-02,6182,合晶,148.5,104.5,-29.63,27,漲停
2026-07-02,3455,由田,260.0,168.5,-35.19,27,漲停
2026-07-02,3577,泓格,143.0,128.0,-10.49,27,漲停
2026-07-02,5425,台半,133.5,75.3,-43.6,27,漲停
2026-07-02,5439,高技,348.0,212.0,-39.08,27,漲停
2026-07-02,5460,同協,18.95,15.6,-17.68,27,漲停
2026-07-02,5488,松普,14.05,13.0,-7.47,27,漲停
2026-07-02,5299,杰力,136.0,87.4,-35.74,27,漲停
2026-07-02,4533,協易機,31.2,24.6,-21.15,27,漲停
2026-07-02,4534,慶騰,34.1,33.1,-2.93,27,漲停
2026-07-02,4556,旭然,80.6,105.5,30.89,27,漲停
2026-07-02,4707,磐亞,30.9,28.65,-7.28,27,漲停
2026-07-02,4741,泓瀚,61.7,43.3,-29.82,27,漲停
2026-07-02,6870,騰雲,318.0,243.0,-23.58,27,漲停
2026-07-02,6907,雅特力-KY,155.0,178.0,14.84,27,漲停
2026-07-02,7828,創新服務,2320.0,1430.0,-38.36,27,漲停
2026-07-02,2401,凌陽,34.3,25.85,-24.64,27,漲停
2026-07-02,2417,圓剛,48.05,38.6,-19.67,27,漲停
2026-07-02,2427,三商電,24.25,22.75,-6.19,27,漲停
2026-07-02,2434,統懋,52.5,65.8,25.33,27,漲停
2026-07-02,1301,台塑,59.7,57.5,-3.69,27,漲停
2026-07-02,1326,台化,61.9,60.9,-1.62,27,漲停
2026-07-02,1409,新纖,28.2,21.3,-24.47,27,漲停
2026-07-02,1435,中福,33.05,23.5,-28.9,27,漲停
2026-07-02,1447,力鵬,9.09,7.03,-22.66,27,漲停
2026-07-02,1460,宏遠,7.92,6.82,-13.89,27,漲停
2026-07-02,2250,IKKA-KY,75.4,59.1,-21.62,27,漲停
2026-07-02,2302,麗正,55.4,37.9,-31.59,27,漲停
2026-07-02,2340,台亞,38.65,28.35,-26.65,27,漲停
2026-07-02,2359,所羅門,146.5,134.0,-8.53,27,漲停
2026-07-02,2468,華經,38.3,34.25,-10.57,27,漲停
2026-07-02,2481,強茂,213.5,124.5,-41.69,27,漲停
2026-07-02,2484,希華,87.7,65.8,-24.97,27,漲停
2026-07-02,2486,一詮,254.0,205.0,-19.29,27,漲停
2026-07-02,1718,中纖,13.6,9.73,-28.46,27,漲停
2026-07-02,1466,聚隆,17.85,16.1,-9.8,27,漲停
2026-07-02,1467,南緯,8.83,10.25,16.08,27,漲停
2026-07-02,1515,力山,38.95,29.95,-23.11,27,漲停
2026-07-02,1597,直得,157.0,117.5,-25.16,27,漲停
2026-07-02,1708,東鹼,57.0,49.55,-13.07,27,漲停
2026-07-02,3016,嘉晶,134.0,84.8,-36.72,27,漲停
2026-07-02,3042,晶技,226.5,149.5,-34.0,27,漲停
2026-07-02,3055,蔚華科,140.0,114.5,-18.21,27,漲停
2026-07-02,3135,凌航,183.5,145.5,-20.71,27,漲停
2026-07-02,3346,麗清,29.3,19.4,-33.79,27,漲停
2026-07-02,3550,聯穎,36.7,20.2,-44.96,27,漲停
2026-07-02,3588,通嘉,72.3,50.1,-30.71,27,漲停
2026-07-02,3661,世芯-KY,4895.0,3115.0,-36.36,27,漲停
2026-07-02,3673,TPK-KY,83.8,57.0,-31.98,27,漲停
2026-07-02,4426,利勤,8.72,8.15,-6.54,27,漲停
2026-07-02,4540,全球傳動,62.3,47.65,-23.52,27,漲停
2026-07-02,4562,穎漢,37.05,29.8,-19.57,27,漲停
2026-07-02,4576,大銀微系統,235.0,180.5,-23.19,27,漲停
2026-07-02,4585,達明,336.0,292.0,-13.1,27,漲停
2026-07-02,4919,新唐,185.0,120.5,-34.86,27,漲停
2026-07-02,4960,誠美材,27.05,19.85,-26.62,27,漲停
2026-07-02,6226,光鼎,26.65,20.5,-23.08,27,漲停
2026-07-02,6525,捷敏-KY,166.5,128.0,-23.12,27,漲停
2026-07-02,6573,虹揚-KY,23.1,16.75,-27.49,27,漲停
2026-07-02,4989,榮科,100.5,59.5,-40.8,27,漲停
2026-07-02,5484,慧友,49.4,38.6,-21.86,27,漲停
2026-07-02,6133,金橋,26.25,20.0,-23.81,27,漲停
2026-07-02,6164,華興,15.85,11.45,-27.76,27,漲停
2026-07-02,6933,AMAX-KY,155.0,157.0,1.29,27,漲停
2026-07-02,8261,富鼎,327.0,195.0,-40.37,27,漲停
2026-07-02,8374,羅昇,94.1,72.8,-22.64,27,漲停
2026-07-03,3363,上詮,581.0,539.0,-7.23,26,漲停
2026-07-03,5386,青雲,420.5,223.5,-46.85,26,漲停
2026-07-03,5488,松普,15.45,13.0,-15.86,26,漲停
2026-07-03,2061,風青,74.2,52.2,-29.65,26,漲停
2026-07-03,3066,李洲,26.5,20.75,-21.7,26,漲停
2026-07-03,4541,晟田,60.7,62.9,3.62,26,漲停
2026-07-03,4743,合一,57.3,43.65,-23.82,26,漲停
2026-07-03,3663,鑫科,88.4,60.7,-31.33,26,漲停
2026-07-03,4109,加捷生醫,12.8,11.2,-12.5,26,漲停
2026-07-03,4128,中天,17.15,14.45,-15.74,26,漲停
2026-07-03,4147,中裕,70.0,58.0,-17.14,26,漲停
2026-07-03,4991,環宇-KY,578.0,396.0,-31.49,26,漲停
2026-07-03,5302,太欣,14.05,9.97,-29.04,26,漲停
2026-07-03,5314,世紀*,71.5,53.0,-25.87,26,漲停
2026-07-03,5371,中光電,93.1,75.8,-18.58,26,漲停
2026-07-03,6732,昇佳電子,190.0,155.5,-18.16,26,漲停
2026-07-03,6294,智基,30.25,27.0,-10.74,26,漲停
2026-07-03,3313,斐成,12.4,11.35,-8.47,26,漲停
2026-07-03,6143,振曜,106.5,88.1,-17.28,26,漲停
2026-07-03,6173,信昌電,350.5,163.0,-53.5,26,漲停
2026-07-03,6174,安碁,61.8,41.1,-33.5,26,漲停
2026-07-03,6182,合晶,163.0,104.5,-35.89,26,漲停
2026-07-03,2103,台橡,23.5,21.2,-9.79,26,漲停
2026-07-03,2208,台船,20.8,18.85,-9.37,26,漲停
2026-07-03,2233,宇隆,275.0,192.0,-30.18,26,漲停
2026-07-03,2236,百達-KY,184.0,131.5,-28.53,26,漲停
2026-07-03,2332,友訊,20.0,23.6,18.0,26,漲停
2026-07-03,2380,虹光,22.0,18.95,-13.86,26,漲停
2026-07-03,2390,云辰,13.25,10.5,-20.75,26,漲停
2026-07-03,2427,三商電,26.65,22.75,-14.63,26,漲停
2026-07-03,2428,興勤,342.0,216.0,-36.84,26,漲停
2026-07-03,2429,銘旺科,48.7,34.65,-28.85,26,漲停
2026-07-03,2434,統懋,57.7,65.8,14.04,26,漲停
2026-07-03,6907,雅特力-KY,170.5,178.0,4.4,26,漲停
2026-07-03,7402,邑錡,138.5,101.5,-26.71,26,漲停
2026-07-03,2630,亞航,55.8,49.6,-11.11,26,漲停
2026-07-03,2634,漢翔,60.0,60.9,1.5,26,漲停
2026-07-03,2645,長榮航太,216.5,185.5,-14.32,26,漲停
2026-07-03,3004,豐達科,150.0,132.5,-11.67,26,漲停
2026-07-03,1304,台聚,15.5,11.4,-26.45,26,漲停
2026-07-03,1308,亞聚,15.85,12.7,-19.87,26,漲停
2026-07-03,1309,台達化,16.7,12.85,-23.05,26,漲停
2026-07-03,1310,台苯,11.4,8.08,-29.12,26,漲停
2026-07-03,1313,聯成,14.3,10.95,-23.43,26,漲停
2026-07-03,1314,中石化,9.88,7.8,-21.05,26,漲停
2026-07-03,1326,台化,68.0,60.9,-10.44,26,漲停
2026-07-03,1340,勝悅-KY,5.84,5.2,-10.96,26,漲停
2026-07-03,1409,新纖,31.0,21.3,-31.29,26,漲停
2026-07-03,1447,力鵬,9.99,7.03,-29.63,26,漲停
2026-07-03,1455,集盛,11.0,8.92,-18.91,26,漲停
2026-07-03,1714,和桐,22.75,13.65,-40.0,26,漲停
2026-07-03,1717,長興,81.6,57.8,-29.17,26,漲停
2026-07-03,1718,中纖,14.95,9.73,-34.92,26,漲停
2026-07-03,1810,和成,23.25,24.85,6.88,26,漲停
2026-07-03,8092,建暐,14.7,12.9,-12.24,26,漲停
2026-07-03,8109,博大,140.5,120.5,-14.23,26,漲停
2026-07-03,1467,南緯,9.71,10.25,5.56,26,漲停
2026-07-03,1474,弘裕,11.35,10.25,-9.69,26,漲停
2026-07-03,1563,巧新,70.5,57.9,-17.87,26,漲停
2026-07-03,1617,榮星,24.5,17.25,-29.59,26,漲停
2026-07-03,3607,谷崧,16.85,14.0,-16.91,26,漲停
2026-07-03,2483,百容,67.1,38.85,-42.1,26,漲停
2026-07-03,2484,希華,96.4,65.8,-31.74,26,漲停
2026-07-03,2601,益航,6.0,6.24,4.0,26,漲停
2026-07-03,3026,禾伸堂,988.0,527.0,-46.66,26,漲停
2026-07-03,3042,晶技,249.0,149.5,-39.96,26,漲停
2026-07-03,3167,大量,877.0,536.0,-38.88,26,漲停
2026-07-03,6213,聯茂,394.0,276.5,-29.82,26,漲停
2026-07-03,6225,天瀚,23.95,26.0,8.56,26,漲停
2026-07-03,6525,捷敏-KY,183.0,128.0,-30.05,26,漲停
2026-07-03,4989,榮科,110.5,59.5,-46.15,26,漲停
2026-07-03,6164,華興,17.4,11.45,-34.2,26,漲停
2026-07-03,4169,泰宗,222.0,223.0,0.45,26,漲停
2026-07-03,4551,智伸科,265.0,167.0,-36.98,26,漲停
2026-07-03,4564,元翎,18.25,16.65,-8.77,26,漲停
2026-07-03,6753,龍德造船,154.0,133.0,-13.64,26,漲停
2026-07-03,6890,來億-KY,212.0,173.0,-18.4,26,漲停
2026-07-03,6928,攸泰科技,57.6,48.7,-15.45,26,漲停
2026-07-03,8033,雷虎,204.5,174.0,-14.91,26,漲停
2026-07-03,8222,寶一,44.75,37.1,-17.09,26,漲停
2026-07-06,6617,共信-KY,101.5,81.5,-19.7,23,漲停
2026-07-06,6693,廣閎科,276.5,155.5,-43.76,23,漲停
2026-07-06,6727,亞泰金屬,489.5,381.0,-22.17,23,漲停
2026-07-06,6435,大中,420.0,235.0,-44.05,23,漲停
2026-07-06,4931,新盛力,261.0,185.0,-29.12,23,漲停
2026-07-06,5299,杰力,141.5,87.4,-38.23,23,漲停
2026-07-06,5302,太欣,15.45,9.97,-35.47,23,漲停
2026-07-06,5344,立衛,17.5,14.2,-18.86,23,漲停
2026-07-06,5351,鈺創,89.9,75.3,-16.24,23,漲停
2026-07-06,5371,中光電,102.0,75.8,-25.69,23,漲停
2026-07-06,3066,李洲,29.15,20.75,-28.82,23,漲停
2026-07-06,3323,加百裕,37.6,28.3,-24.73,23,漲停
2026-07-06,3349,寶德,24.2,22.35,-7.64,23,漲停
2026-07-06,3438,類比科,75.5,51.1,-32.32,23,漲停
2026-07-06,3511,矽瑪,28.05,19.4,-30.84,23,漲停
2026-07-06,3625,西勝,18.4,16.45,-10.6,23,漲停
2026-07-06,5425,台半,144.0,75.3,-47.71,23,漲停
2026-07-06,4541,晟田,66.7,62.9,-5.7,23,漲停
2026-07-06,4721,美琪瑪,100.0,68.0,-32.0,23,漲停
2026-07-06,6121,新普,467.5,358.0,-23.42,23,漲停
2026-07-06,6138,茂達,440.0,287.5,-34.66,23,漲停
2026-07-06,6907,雅特力-KY,187.5,178.0,-5.07,23,漲停
2026-07-06,1609,大亞,43.75,34.35,-21.49,23,漲停
2026-07-06,8932,智通*,116.0,98.1,-15.43,23,漲停
2026-07-06,2369,菱生,43.2,30.0,-30.56,23,漲停
2026-07-06,2399,映泰,55.0,34.3,-37.64,23,漲停
2026-07-06,2415,錩新,41.65,30.8,-26.05,23,漲停
2026-07-06,8038,長園科,44.15,33.75,-23.56,23,漲停
2026-07-06,8109,博大,154.5,120.5,-22.01,23,漲停
2026-07-06,2305,全友,42.65,30.5,-28.49,23,漲停
2026-07-06,2351,順德,228.0,144.5,-36.62,23,漲停
2026-07-06,2352,佳世達,35.4,27.7,-21.75,23,漲停
2026-07-06,2466,冠西電,94.8,94.6,-0.21,23,漲停
2026-07-06,2481,強茂,227.5,124.5,-45.27,23,漲停
2026-07-06,2497,怡利電,66.8,45.75,-31.51,23,漲停
2026-07-06,2601,益航,6.6,6.24,-5.45,23,漲停
2026-07-06,1721,三晃,29.05,19.55,-32.7,23,漲停
2026-07-06,1727,中華化,101.5,71.1,-29.95,23,漲停
2026-07-06,6799,來頡,111.5,77.5,-30.49,23,漲停
2026-07-06,3543,州巧,31.95,27.0,-15.49,23,漲停
2026-07-06,2645,長榮航太,238.0,185.5,-22.06,23,漲停
2026-07-06,6431,光麗-KY,19.6,16.7,-14.8,23,漲停
2026-07-06,6525,捷敏-KY,201.0,128.0,-36.32,23,漲停
2026-07-06,6573,虹揚-KY,27.6,16.75,-39.31,23,漲停
2026-07-06,5285,界霖,106.5,71.7,-32.68,23,漲停
2026-07-06,6957,裕慶-KY,212.0,230.0,8.49,23,漲停
2026-07-06,6994,富威電力,46.05,39.8,-13.57,23,漲停
2026-07-06,7799,禾榮科,430.0,359.0,-16.51,23,漲停
2026-07-06,8131,福懋科,82.2,58.2,-29.2,23,漲停
2026-07-06,8150,南茂,115.5,81.0,-29.87,23,漲停
2026-07-06,8261,富鼎,352.0,195.0,-44.6,23,漲停
2026-07-06,3015,全漢,74.8,52.0,-30.48,23,漲停
2026-07-06,3094,聯傑,42.9,32.8,-23.54,23,漲停
2026-07-07,6617,共信-KY,111.5,81.5,-26.91,22,漲停
2026-07-07,6712,長聖,177.5,144.5,-18.59,22,漲停
2026-07-07,6259,百徽,42.6,28.9,-32.16,22,漲停
2026-07-07,3632,研勤,8.57,8.7,1.52,22,漲停
2026-07-07,3693,營邦,542.0,446.0,-17.71,22,漲停
2026-07-07,3046,建碁,58.4,52.9,-9.42,22,漲停
2026-07-07,6416,瑞祺電通,91.0,95.8,5.27,22,漲停
2026-07-07,6525,捷敏-KY,221.0,128.0,-42.08,22,漲停
2026-07-07,4169,泰宗,268.0,223.0,-16.79,22,漲停
2026-07-07,6919,康霈*,110.0,103.5,-5.91,22,漲停
2026-07-08,4127,天良,79.5,74.1,-6.79,21,漲停
2026-07-08,3081,聯亞,2095.0,1710.0,-18.38,21,漲停
2026-07-08,3211,順達,427.5,337.0,-21.17,21,漲停
2026-07-08,6727,亞泰金屬,544.0,381.0,-29.96,21,漲停
2026-07-08,4923,力士,66.5,40.1,-39.7,21,漲停
2026-07-08,4931,新盛力,272.0,185.0,-31.99,21,漲停
2026-07-08,5230,雷笛克光學,21.35,17.4,-18.5,21,漲停
2026-07-08,1796,金穎生技,38.2,30.35,-20.55,21,漲停
2026-07-08,3374,精材,324.5,310.5,-4.31,21,漲停
2026-07-08,3564,其陽,56.1,43.3,-22.82,21,漲停
2026-07-08,6182,合晶,160.0,104.5,-34.69,21,漲停
2026-07-08,2395,研華,546.0,556.0,1.83,21,漲停
2026-07-08,2332,友訊,21.9,23.6,7.76,21,漲停
2026-07-08,1303,南亞,182.0,157.0,-13.74,21,漲停
2026-07-08,6907,雅特力-KY,189.0,178.0,-5.82,21,漲停
2026-07-08,7402,邑錡,135.5,101.5,-25.09,21,漲停
2026-07-08,7714,創泓科技,157.0,142.5,-9.24,21,漲停
2026-07-08,8096,擎亞,169.5,126.0,-25.66,21,漲停
2026-07-08,2465,麗臺,81.4,74.6,-8.35,21,漲停
2026-07-08,2601,益航,7.55,6.24,-17.35,21,漲停
2026-07-08,2645,長榮航太,235.5,185.5,-21.23,21,漲停
2026-07-08,3617,碩天,238.0,208.0,-12.61,21,漲停
2026-07-08,8033,雷虎,227.5,174.0,-23.52,21,漲停
2026-07-08,8442,威宏-KY,46.25,44.6,-3.57,21,漲停
2026-07-08,3026,禾伸堂,953.0,527.0,-44.7,21,漲停
2026-07-08,3189,景碩,755.0,639.0,-15.36,21,漲停
2026-07-08,6142,友勁,10.25,9.83,-4.1,21,漲停
2026-07-08,6901,鑽石投資,21.05,17.45,-17.1,21,漲停
2026-07-09,3374,精材,356.5,310.5,-12.9,20,漲停
2026-07-09,3521,台鋼建設,13.6,12.55,-7.72,20,漲停
2026-07-09,5351,鈺創,98.2,75.3,-23.32,20,漲停
2026-07-09,6270,倍微,38.1,28.25,-25.85,20,漲停
2026-07-09,6465,威潤,63.3,47.7,-24.64,20,漲停
2026-07-09,6488,環球晶,1350.0,959.0,-28.96,20,漲停
2026-07-09,6538,倉和,136.0,117.5,-13.6,20,漲停
2026-07-09,6187,萬潤,1050.0,962.0,-8.38,20,漲停
2026-07-09,6207,雷科,144.0,100.0,-30.56,20,漲停
2026-07-09,6218,豪勉,37.65,31.6,-16.07,20,漲停
2026-07-09,6223,旺矽,7080.0,5165.0,-27.05,20,漲停
2026-07-09,5488,松普,16.2,13.0,-19.75,20,漲停
2026-07-09,6113,亞矽,27.7,21.5,-22.38,20,漲停
2026-07-09,4556,旭然,101.0,105.5,4.46,20,漲停
2026-07-09,4768,晶呈科技,367.0,297.0,-19.07,20,漲停
2026-07-09,2408,南亞科,435.5,392.5,-9.87,20,漲停
2026-07-09,2423,固緯,79.7,69.2,-13.17,20,漲停
2026-07-09,7714,創泓科技,172.5,142.5,-17.39,20,漲停
2026-07-09,2332,友訊,24.05,23.6,-1.87,20,漲停
2026-07-09,8024,佑華,16.8,15.4,-8.33,20,漲停
2026-07-09,8027,鈦昇,242.0,174.5,-27.89,20,漲停
2026-07-09,8042,金山電,178.0,106.0,-40.45,20,漲停
2026-07-09,8064,東捷,138.0,94.1,-31.81,20,漲停
2026-07-09,8383,千附,69.7,76.5,9.76,20,漲停
2026-07-09,2465,麗臺,89.5,74.6,-16.65,20,漲停
2026-07-09,1536,和大,55.0,47.65,-13.36,20,漲停
2026-07-09,6449,鈺邦,352.0,217.0,-38.35,20,漲停
2026-07-09,3006,晶豪科,237.0,191.0,-19.41,20,漲停
2026-07-09,3504,揚明光,81.8,62.4,-23.72,20,漲停
2026-07-09,3543,州巧,33.4,27.0,-19.16,20,漲停
2026-07-09,3593,力銘,15.95,13.6,-14.73,20,漲停
2026-07-09,7769,鴻勁,6660.0,5750.0,-13.66,20,漲停
2026-07-09,8039,台虹,154.0,194.5,26.3,20,漲停
2026-07-09,8046,南電,1215.0,976.0,-19.67,20,漲停
2026-07-09,8150,南茂,117.0,81.0,-30.77,20,漲停
2026-07-09,5484,慧友,49.3,38.6,-21.7,20,漲停
2026-07-09,6141,柏承,39.05,32.5,-16.77,20,漲停
2026-07-09,6142,友勁,11.25,9.83,-12.62,20,漲停
2026-07-09,4949,有成精密,79.0,61.9,-21.65,20,漲停
2026-07-13,6488,環球晶,1485.0,959.0,-35.42,16,漲停
2026-07-13,6517,保勝光學,72.0,60.6,-15.83,16,漲停
2026-07-13,6538,倉和,149.5,117.5,-21.4,16,漲停
2026-07-13,5483,中美晶,231.5,185.0,-20.09,16,漲停
2026-07-13,5488,松普,17.8,13.0,-26.97,16,漲停
2026-07-13,5511,德昌,69.6,73.5,5.6,16,漲停
2026-07-13,3441,聯一光,74.3,77.2,3.9,16,漲停
2026-07-13,4513,福裕,18.5,18.3,-1.08,16,漲停
2026-07-13,4541,晟田,67.1,62.9,-6.26,16,漲停
2026-07-13,6609,瀧澤科,43.75,37.15,-15.09,16,漲停
2026-07-13,6613,朋億*,353.0,282.5,-19.97,16,漲停
2026-07-13,7402,邑錡,144.0,101.5,-29.51,16,漲停
2026-07-13,7717,萊德光電-KY,464.5,400.5,-13.78,16,漲停
2026-07-13,8383,千附,76.6,76.5,-0.13,16,漲停
2026-07-13,6182,合晶,189.5,104.5,-44.85,16,漲停
2026-07-13,6241,鑫永洋,17.3,15.7,-9.25,16,漲停
2026-07-13,2425,承啟,44.05,43.3,-1.7,16,漲停
2026-07-13,2434,統懋,68.3,65.8,-3.66,16,漲停
2026-07-13,1709,和益,26.8,24.55,-8.4,16,漲停
2026-07-13,1810,和成,26.2,24.85,-5.15,16,漲停
2026-07-13,3532,台勝科,465.5,342.0,-26.53,16,漲停
2026-07-13,3593,力銘,17.45,13.6,-22.06,16,漲停
2026-07-13,3702,大聯大,117.0,110.0,-5.98,16,漲停
2026-07-13,3704,合勤控,49.85,43.6,-12.54,16,漲停
2026-07-13,2634,漢翔,63.8,60.9,-4.55,16,漲停
2026-07-13,3008,大立光,4345.0,3900.0,-10.24,16,漲停
2026-07-13,3016,嘉晶,133.5,84.8,-36.48,16,漲停
2026-07-13,1301,台塑,60.2,57.5,-4.49,16,漲停
2026-07-13,1303,南亞,199.5,157.0,-21.3,16,漲停
2026-07-13,2208,台船,21.7,18.85,-13.13,16,漲停
2026-07-13,2305,全友,39.6,30.5,-22.98,16,漲停
2026-07-13,4737,華廣,63.6,57.5,-9.59,16,漲停
2026-07-13,4807,日成-KY,41.4,38.1,-7.97,16,漲停
2026-07-13,4958,臻鼎-KY,646.0,427.5,-33.82,16,漲停
2026-07-13,6533,晶心科,210.5,204.5,-2.85,16,漲停
2026-07-13,5434,崇越,559.0,517.0,-7.51,16,漲停
2026-07-13,9921,巨大,79.9,85.0,6.38,16,漲停
2026-07-13,8033,雷虎,249.5,174.0,-30.26,16,漲停
2026-07-13,8039,台虹,169.0,194.5,15.09,16,漲停
2026-07-13,6863,永道-KY,102.0,121.5,19.12,16,漲停
2026-07-13,6933,AMAX-KY,173.0,157.0,-9.25,16,漲停
2026-07-16,3491,昇達科,1310.0,1090.0,-16.79,13,漲停
2026-07-16,3577,泓格,138.5,128.0,-7.58,13,漲停
2026-07-16,4939,亞電,66.8,55.5,-16.92,13,漲停
2026-07-16,6739,竹陞科技,1215.0,941.0,-22.55,13,漲停
2026-07-16,4534,慶騰,42.35,33.1,-21.84,13,漲停
2026-07-16,2221,大甲,58.4,46.35,-20.63,13,漲停
2026-07-16,3178,公準,70.7,59.8,-15.42,13,漲停
2026-07-16,1710,東聯,17.5,13.8,-21.14,13,漲停
2026-07-16,1517,利奇,12.1,11.4,-5.79,13,漲停
2026-07-16,2484,希華,89.6,65.8,-26.56,13,漲停
2026-07-16,2527,宏璟,49.55,43.15,-12.92,13,漲停
2026-07-16,8933,愛地雅,4.81,4.36,-9.36,13,漲停
2026-07-16,2434,統懋,90.8,65.8,-27.53,13,漲停
2026-07-16,9914,美利達,84.2,77.2,-8.31,13,漲停
2026-07-16,9921,巨大,88.0,85.0,-3.41,13,漲停
2026-07-16,6243,迅杰,47.95,49.6,3.44,13,漲停
2026-07-16,6505,台塑化,80.0,74.6,-6.75,13,漲停
2026-07-16,6937,天虹,288.5,254.0,-11.96,13,漲停
2026-07-16,8028,昇陽半導體,350.0,280.0,-20.0,13,漲停
2026-07-16,8039,台虹,199.5,194.5,-2.51,13,漲停
2026-07-16,5434,崇越,596.0,517.0,-13.26,13,漲停
2026-07-16,6141,柏承,43.75,32.5,-25.71,13,漲停
2026-07-16,3229,晟鈦,40.45,39.4,-2.6,13,漲停
2026-07-17,3297,杭特,32.35,28.0,-13.45,12,漲停
2026-07-17,5450,南良,17.05,14.75,-13.49,12,漲停
2026-07-17,1526,日馳,17.25,17.2,-0.29,12,漲停
2026-07-17,8291,尚茂,30.05,44.0,46.42,12,漲停
2026-07-17,4133,亞諾法,22.35,20.95,-6.26,12,漲停
2026-07-20,3577,泓格,143.0,128.0,-10.49,9,漲停
2026-07-20,3288,點晶,29.3,27.2,-7.17,9,漲停
2026-07-20,5398,慕康生醫,15.5,14.75,-4.84,9,漲停
2026-07-20,5450,南良,18.75,14.75,-21.33,9,漲停
2026-07-20,6643,M31,430.5,416.0,-3.37,9,漲停
2026-07-20,4939,亞電,66.2,55.5,-16.16,9,漲停
2026-07-20,8291,尚茂,33.05,44.0,33.13,9,漲停
2026-07-20,3625,西勝,18.35,16.45,-10.35,9,漲停
2026-07-20,1467,南緯,9.57,10.25,7.11,9,漲停
2026-07-20,1468,昶和,14.95,13.1,-12.37,9,漲停
2026-07-20,2388,威盛,72.4,69.8,-3.59,9,漲停
2026-07-20,3532,台勝科,466.0,342.0,-26.61,9,漲停
2026-07-20,4566,時碩工業,66.6,71.1,6.76,9,漲停
2026-07-20,6533,晶心科,231.0,204.5,-11.47,9,漲停
2026-07-20,8045,達運光電,61.3,55.6,-9.3,9,漲停
2026-07-20,6928,攸泰科技,54.0,48.7,-9.81,9,漲停
2026-07-21,6274,台燿,1235.0,1130.0,-8.5,8,漲停
2026-07-21,3374,精材,380.0,310.5,-18.29,8,漲停
2026-07-21,3479,安勤,148.5,138.0,-7.07,8,漲停
2026-07-21,3577,泓格,157.0,128.0,-18.47,8,漲停
2026-07-21,5386,青雲,258.5,223.5,-13.54,8,漲停
2026-07-21,5468,凱鈺,25.1,23.6,-5.98,8,漲停
2026-07-21,3680,家登,481.0,410.5,-14.66,8,漲停
2026-07-21,1336,台翰,16.65,15.1,-9.31,8,漲停
2026-07-21,4513,福裕,21.45,18.3,-14.69,8,漲停
2026-07-21,4541,晟田,75.7,62.9,-16.91,8,漲停
2026-07-21,4542,科嶠,324.5,280.5,-13.56,8,漲停
2026-07-21,4556,旭然,125.5,105.5,-15.94,8,漲停
2026-07-21,3147,大綜,228.5,224.0,-1.97,8,漲停
2026-07-21,6922,宸曜,182.5,173.5,-4.93,8,漲停
2026-07-21,7714,創泓科技,201.0,142.5,-29.1,8,漲停
2026-07-21,7734,印能科技,3115.0,3105.0,-0.32,8,漲停
2026-07-21,1467,南緯,10.5,10.25,-2.38,8,漲停
2026-07-21,1810,和成,31.05,24.85,-19.97,8,漲停
2026-07-21,2493,揚博,238.5,195.5,-18.03,8,漲停
2026-07-21,2630,亞航,58.9,49.6,-15.79,8,漲停
2026-07-21,2634,漢翔,71.5,60.9,-14.83,8,漲停
2026-07-21,6138,茂達,318.0,287.5,-9.59,8,漲停
2026-07-21,2312,金寶,33.1,29.7,-10.27,8,漲停
2026-07-21,2360,致茂,2015.0,1940.0,-3.72,8,漲停
2026-07-21,3022,威強電,86.1,89.2,3.6,8,漲停
2026-07-21,3037,欣興,825.0,764.0,-7.39,8,漲停
2026-07-21,3189,景碩,746.0,639.0,-14.34,8,漲停
2026-07-21,3338,泰碩,69.1,59.2,-14.33,8,漲停
2026-07-21,4764,雙鍵,293.0,281.0,-4.1,8,漲停
2026-07-21,4916,事欣科,107.0,97.1,-9.25,8,漲停
2026-07-21,3443,創意,4115.0,3660.0,-11.06,8,漲停
2026-07-21,3450,聯鈞,427.5,405.0,-5.26,8,漲停
2026-07-21,3605,宏致,84.4,84.8,0.47,8,漲停
2026-07-21,3653,健策,3520.0,3370.0,-4.26,8,漲停
2026-07-21,3665,貿聯-KY,2000.0,2215.0,10.75,8,漲停
2026-07-21,3694,海華,66.3,55.5,-16.29,8,漲停
2026-07-21,4169,泰宗,280.5,223.0,-20.5,8,漲停
2026-07-21,6695,芯鼎,57.5,49.1,-14.61,8,漲停
2026-07-21,6719,力智,234.5,208.5,-11.09,8,漲停
2026-07-21,6753,龍德造船,153.0,133.0,-13.07,8,漲停
2026-07-21,6166,凌華,132.0,137.0,3.79,8,漲停
2026-07-22,6727,亞泰金屬,365.5,381.0,4.24,7,漲停
2026-07-22,4991,環宇-KY,420.5,396.0,-5.83,7,漲停
2026-07-22,5227,立凱-KY,38.9,41.6,6.94,7,漲停
2026-07-22,5274,信驊,15510.0,13230.0,-14.7,7,漲停
2026-07-22,5328,華容,66.3,61.3,-7.54,7,漲停
2026-07-22,5345,馥鴻,22.95,27.7,20.7,7,漲停
2026-07-22,5347,世界,171.0,147.5,-13.74,7,漲停
2026-07-22,3081,聯亞,1665.0,1710.0,2.7,7,漲停
2026-07-22,3163,波若威,730.0,583.0,-20.14,7,漲停
2026-07-22,3234,光環,108.5,99.9,-7.93,7,漲停
2026-07-22,3374,精材,418.0,310.5,-25.72,7,漲停
2026-07-22,3491,昇達科,1300.0,1090.0,-16.15,7,漲停
2026-07-22,3523,迎輝,15.4,15.2,-1.3,7,漲停
2026-07-22,3529,力旺,2600.0,2200.0,-15.38,7,漲停
2026-07-22,3594,磐儀,53.7,52.5,-2.23,7,漲停
2026-07-22,5426,振發,28.75,23.85,-17.04,7,漲停
2026-07-22,3693,營邦,519.0,446.0,-14.07,7,漲停
2026-07-22,6147,頎邦,190.0,139.5,-26.58,7,漲停
2026-07-22,4442,竣邦-KY,51.3,62.5,21.83,7,漲停
2026-07-22,4534,慶騰,40.15,33.1,-17.56,7,漲停
2026-07-22,6259,百徽,36.4,28.9,-20.6,7,漲停
2026-07-22,6274,台燿,1355.0,1130.0,-16.61,7,漲停
2026-07-22,2406,國碩,35.3,30.85,-12.61,7,漲停
2026-07-22,2408,南亞科,445.5,392.5,-11.9,7,漲停
2026-07-22,2455,全新,324.5,302.5,-6.78,7,漲停
2026-07-22,2302,麗正,43.55,37.9,-12.97,7,漲停
2026-07-22,2337,旺宏,135.0,113.0,-16.3,7,漲停
2026-07-22,2344,華邦電,171.0,144.0,-15.79,7,漲停
2026-07-22,8111,立碁,51.7,61.8,19.54,7,漲停
2026-07-22,1810,和成,34.15,24.85,-27.23,7,漲停
2026-07-22,2478,大毅,150.0,116.0,-22.67,7,漲停
2026-07-22,2481,強茂,157.5,124.5,-20.95,7,漲停
2026-07-22,2492,華新科,300.0,245.0,-18.33,7,漲停
2026-07-22,2493,揚博,262.0,195.5,-25.38,7,漲停
2026-07-22,3021,鴻名,23.5,20.3,-13.62,7,漲停
2026-07-22,3037,欣興,907.0,764.0,-15.77,7,漲停
2026-07-22,3231,緯創,164.0,170.0,3.66,7,漲停
2026-07-22,3605,宏致,92.8,84.8,-8.62,7,漲停
2026-07-22,4958,臻鼎-KY,559.0,427.5,-23.52,7,漲停
2026-07-22,6669,緯穎,5500.0,5315.0,-3.36,7,漲停
2026-07-22,8996,高力,1080.0,906.0,-16.11,7,漲停
2026-07-22,8021,尖點,418.5,351.5,-16.01,7,漲停
2026-07-22,8039,台虹,233.0,194.5,-16.52,7,漲停
2026-07-22,8046,南電,1305.0,976.0,-25.21,7,漲停
2026-07-22,8114,振樺電,221.0,213.5,-3.39,7,漲停
2026-07-22,6166,凌華,145.0,137.0,-5.52,7,漲停
2026-07-22,6206,飛捷,126.5,124.5,-1.58,7,漲停
2026-07-22,6414,樺漢,490.0,436.0,-11.02,7,漲停
2026-07-22,6442,光聖,1385.0,1230.0,-11.19,7,漲停
2026-07-22,6449,鈺邦,269.5,217.0,-19.48,7,漲停
2026-07-22,6456,GIS-KY,68.7,57.4,-16.45,7,漲停
2026-07-22,6573,虹揚-KY,21.7,16.75,-22.81,7,漲停
2026-07-23,5345,馥鴻,25.2,27.7,9.92,6,漲停
2026-07-23,3555,博士旺,160.5,141.0,-12.15,6,漲停
2026-07-23,1591,駿吉-KY,37.65,41.6,10.49,6,漲停
2026-07-23,4442,竣邦-KY,56.4,62.5,10.82,6,漲停
2026-07-23,6577,勁豐,85.9,83.4,-2.91,6,漲停
2026-07-23,8111,立碁,56.8,61.8,8.8,6,漲停
2026-07-23,3652,精聯,34.75,29.25,-15.83,6,漲停
2026-07-23,6166,凌華,159.5,137.0,-14.11,6,漲停
2026-07-23,6579,研揚,183.5,162.5,-11.44,6,漲停
2026-07-23,6715,嘉基,425.5,360.0,-15.39,6,漲停
2026-07-23,8039,台虹,256.0,194.5,-24.02,6,漲停
2026-07-24,6577,勁豐,94.4,83.4,-11.65,5,漲停
2026-07-24,6588,東典光電,81.5,93.0,14.11,5,漲停
2026-07-24,5345,馥鴻,27.7,27.7,0.0,5,漲停
2026-07-24,3523,迎輝,18.55,15.2,-18.06,5,漲停
2026-07-24,4707,磐亞,35.3,28.65,-18.84,5,漲停
2026-07-24,3685,元創精密,41.0,36.05,-12.07,5,漲停
2026-07-24,2923,鼎固-KY,33.2,37.65,13.4,5,漲停
2026-07-24,6243,迅杰,52.2,49.6,-4.98,5,漲停
2026-07-24,3669,圓展,40.7,40.45,-0.61,5,漲停
2026-07-24,1435,中福,23.2,23.5,1.29,5,漲停
2026-07-27,3362,先進光,165.5,158.0,-4.53,2,漲停
2026-07-27,3441,聯一光,70.7,77.2,9.19,2,漲停
2026-07-27,6173,信昌電,181.0,163.0,-9.94,2,漲停
2026-07-27,6187,萬潤,1035.0,962.0,-7.05,2,漲停
2026-07-27,6588,東典光電,89.6,93.0,3.79,2,漲停
2026-07-27,6804,明係,18.9,19.0,0.53,2,漲停
2026-07-27,5328,華容,67.2,61.3,-8.78,2,漲停
2026-07-27,7751,竑騰,1255.0,1185.0,-5.58,2,漲停
2026-07-27,2332,友訊,24.3,23.6,-2.88,2,漲停
2026-07-27,1526,日馳,17.7,17.2,-2.82,2,漲停
2026-07-27,8291,尚茂,43.9,44.0,0.23,2,漲停
2026-07-27,1435,中福,25.5,23.5,-7.84,2,漲停
2026-07-27,4976,佳凌,33.9,34.3,1.18,2,漲停
2026-07-28,4577,達航科技,77.3,77.3,0.0,1,漲停
2026-07-28,6226,光鼎,20.5,20.5,0.0,1,漲停
