datetime,open,high,low,close,volume
2026-10-06 09:00:00+08:00,49736.37109375,49968.921875,49736.37109375,49890.6484375,0
2026-10-06 09:05:00+08:00,49881.05859375,49883.1796875,49737.9296875,49779.69140625,0
2026-10-06 09:10:00+08:00,49749.0703125,49790.91015625,49661.0390625,49675.91015625,0
2026-10-06 09:15:00+08:00,49675.91015625,49683.671875,49603.91015625,49625.171875,0
2026-10-06 09:20:00+08:00,49658.8984375,49721.80078125,49620.8515625,49721.80078125,0
2026-10-06 09:25:00+08:00,49681.58984375,49741.55078125,49681.58984375,49722.0703125,0
2026-10-06 09:30:00+08:00,49679.51953125,49736.08984375,49668.37890625,49735.87890625,0
2026-10-06 09:35:00+08:00,49682.55859375,49751.53125,49649.48828125,49658.05078125,0
2026-10-06 09:40:00+08:00,49660.23828125,49696.01171875,49616.328125,49616.328125,0
2026-10-06 09:45:00+08:00,49613.28125,49647.55859375,49560.671875,49646.23046875,0
2026-10-06 09:50:00+08:00,49647.03125,49711.8984375,49633.12109375,49657.21875,0
2026-10-06 09:55:00+08:00,49644.23828125,49691.41015625,49615.4296875,49689.76953125,0
2026-10-06 10:00:00+08:00,49644.96875,49720.41015625,49644.96875,49711.98046875,0
2026-10-06 10:05:00+08:00,49715.01171875,49732.94921875,49631.69921875,49639.69921875,0
2026-10-06 10:10:00+08:00,49639.359375,49679.96875,49613.9609375,49623.8515625,0
2026-10-06 10:15:00+08:00,49619.1796875,49675.5390625,49615.30859375,49670.4609375,0
2026-10-06 10:20:00+08:00,49627.48046875,49667.828125,49612.3984375,49662.37890625,0
2026-10-06 10:25:00+08:00,49663.37109375,49669.9296875,49589.01171875,49589.01171875,0
2026-10-06 10:30:00+08:00,49590.16015625,49622.94140625,49548.83984375,49554.5,0
2026-10-06 10:35:00+08:00,49554.51171875,49595.78125,49502.828125,49526.6484375,0
2026-10-06 10:40:00+08:00,49529.01171875,49546.55859375,49493.69921875,49541.51171875,0
2026-10-06 10:45:00+08:00,49544.640625,49549.359375,49483.828125,49527.44921875,0
2026-10-06 10:50:00+08:00,49489.30078125,49605.9609375,49479.69140625,49566.19140625,0
2026-10-06 10:55:00+08:00,49604.30859375,49668.12109375,49569.1796875,49652.390625,0
2026-10-06 11:00:00+08:00,49651.08984375,49749.1015625,49646.578125,49749.1015625,0
2026-10-06 11:05:00+08:00,49748.23828125,49749.328125,49690.328125,49737.62109375,0
2026-10-06 11:10:00+08:00,49728.41015625,49756.01171875,49689.6484375,49754.30859375,0
2026-10-06 11:15:00+08:00,49754.21875,49783.19921875,49719.9296875,49783.19921875,0
2026-10-06 11:20:00+08:00,49781.37890625,49781.37890625,49731.62109375,49769.26953125,0
2026-10-06 11:25:00+08:00,49770.48828125,49782.3203125,49720.46875,49751.828125,0
2026-10-06 11:30:00+08:00,49751.83984375,49774.4609375,49716.69921875,49761.58984375,0
2026-10-06 11:35:00+08:00,49764.51171875,49767.03125,49708.8515625,49745.19140625,0
2026-10-06 11:40:00+08:00,49746.8203125,49759.0703125,49708.7109375,49742.98828125,0
2026-10-06 11:45:00+08:00,49740.7109375,49753.87109375,49696.33984375,49696.33984375,0
2026-10-06 11:50:00+08:00,49734.4296875,49734.87890625,49675.25,49675.94140625,0
2026-10-06 11:55:00+08:00,49673.33984375,49715.23828125,49655.48828125,49715.23828125,0
2026-10-06 12:00:00+08:00,49710.2109375,49745.609375,49681.9609375,49699.4296875,0
2026-10-06 12:05:00+08:00,49701.37890625,49764.66015625,49694.12890625,49755.2109375,0
2026-10-06 12:10:00+08:00,49753.19140625,49762.28125,49699.91015625,49760.69140625,0
2026-10-06 12:15:00+08:00,49756.1015625,49758.94921875,49702.2109375,49741.12109375,0
2026-10-06 12:20:00+08:00,49736.44921875,49763.5,49697.51171875,49754.0,0
2026-10-06 12:25:00+08:00,49754.5390625,49771.140625,49716.80859375,49721.6015625,0
2026-10-06 12:30:00+08:00,49721.3984375,49768.96875,49715.01171875,49738.08984375,0
2026-10-06 12:35:00+08:00,49777.21875,49783.1015625,49729.98046875,49773.0390625,0
2026-10-06 12:40:00+08:00,49769.9296875,49772.62890625,49721.12109375,49769.73828125,0
2026-10-06 12:45:00+08:00,49769.51171875,49778.171875,49721.94140625,49721.94140625,0
2026-10-06 12:50:00+08:00,49762.05078125,49773.41015625,49713.140625,49765.73828125,0
2026-10-06 12:55:00+08:00,49717.390625,49764.03125,49709.69921875,49755.94921875,0
2026-10-06 13:00:00+08:00,49714.53125,49768.3984375,49713.3203125,49732.33984375,0
2026-10-06 13:05:00+08:00,49761.23828125,49781.53125,49726.73046875,49778.51171875,0
2026-10-06 13:10:00+08:00,49733.76171875,49778.55078125,49725.75,49767.390625,0
2026-10-06 13:15:00+08:00,49765.8984375,49807.140625,49728.41015625,49792.140625,0
2026-10-06 13:20:00+08:00,49756.98828125,49806.55859375,49739.0703125,49755.55859375,0
2026-10-06 13:25:00+08:00,49753.94921875,49754.0703125,49753.94921875,49754.0703125,0
